Workbook

Sheet Labor Estimate
B2: Independent Government Cost Estimate (IGCE) — Labor
B3: Cost-reimbursement contract labor estimate with indirect rate build-up
B5: LCAT | C5: Description | D5: Hours Yr 1 | E5: Hours Yr 2 | F5: Hours Yr 3 | G5: Hourly Rate | H5: Fringe % | I5: Overhead % | J5: G&A % | K5: Total Yr 1 | L5: Total Yr 2 | M5: Total Yr 3 | N5: Total 3-Year
B6: Program Manager | C6: Overall program leadership, status reporting, EVM oversight | D6: 1920 | E6: 1920 | F6: 1920 | G6: 165 | H6: 0.32 | I6: 0.45 | J6: 0.08 | K6: =D6*G6*(1+H6)*(1+I6)*(1+J6) | L6: =E6*G6*(1+H6)*(1+I6)*(1+J6) | M6: =F6*G6*(1+H6)*(1+I6)*(1+J6) | N6: =K6+L6+M6
B7: Systems Engineer Sr | C7: Systems architecture, requirements analysis, design reviews | D7: 1880 | E7: 1880 | F7: 1880 | G7: 145 | H7: 0.32 | I7: 0.45 | J7: 0.08 | K7: =D7*G7*(1+H7)*(1+I7)*(1+J7) | L7: =E7*G7*(1+H7)*(1+I7)*(1+J7) | M7: =F7*G7*(1+H7)*(1+I7)*(1+J7) | N7: =K7+L7+M7
B8: Systems Engineer Jr | C8: Requirements traceability, test support, documentation | D8: 1920 | E8: 1920 | F8: 1920 | G8: 95 | H8: 0.32 | I8: 0.45 | J8: 0.08 | K8: =D8*G8*(1+H8)*(1+I8)*(1+J8) | L8: =E8*G8*(1+H8)*(1+I8)*(1+J8) | M8: =F8*G8*(1+H8)*(1+I8)*(1+J8) | N8: =K8+L8+M8
B9: Contracts Specialist | C9: Contract administration, modifications, compliance monitoring | D9: 960 | E9: 960 | F9: 960 | G9: 110 | H9: 0.32 | I9: 0.45 | J9: 0.08 | K9: =D9*G9*(1+H9)*(1+I9)*(1+J9) | L9: =E9*G9*(1+H9)*(1+I9)*(1+J9) | M9: =F9*G9*(1+H9)*(1+I9)*(1+J9) | N9: =K9+L9+M9
B10: Financial Analyst | C10: EVM analysis, cost reporting, budget tracking, variance analysis | D10: 1920 | E10: 1920 | F10: 1920 | G10: 105 | H10: 0.32 | I10: 0.45 | J10: 0.08 | K10: =D10*G10*(1+H10)*(1+I10)*(1+J10) | L10: =E10*G10*(1+H10)*(1+I10)*(1+J10) | M10: =F10*G10*(1+H10)*(1+I10)*(1+J10) | N10: =K10+L10+M10
B11: Technical Writer | C11: CDRL preparation, documentation, SOPs, user manuals | D11: 1440 | E11: 1440 | F11: 1440 | G11: 75 | H11: 0.32 | I11: 0.45 | J11: 0.08 | K11: =D11*G11*(1+H11)*(1+I11)*(1+J11) | L11: =E11*G11*(1+H11)*(1+I11)*(1+J11) | M11: =F11*G11*(1+H11)*(1+I11)*(1+J11) | N11: =K11+L11+M11
B12: Quality Assurance Spec | C12: Quality management, audits, CMMI compliance, process improvement | D12: 960 | E12: 960 | F12: 960 | G12: 100 | H12: 0.32 | I12: 0.45 | J12: 0.08 | K12: =D12*G12*(1+H12)*(1+I12)*(1+J12) | L12: =E12*G12*(1+H12)*(1+I12)*(1+J12) | M12: =F12*G12*(1+H12)*(1+I12)*(1+J12) | N12: =K12+L12+M12
B13: Administrative Support | C13: Program office administration, travel coordination, records management | D13: 1920 | E13: 1920 | F13: 1920 | G13: 55 | H13: 0.32 | I13: 0.45 | J13: 0.08 | K13: =D13*G13*(1+H13)*(1+I13)*(1+J13) | L13: =E13*G13*(1+H13)*(1+I13)*(1+J13) | M13: =F13*G13*(1+H13)*(1+I13)*(1+J13) | N13: =K13+L13+M13
B14: Subcontract Manager | C14: Subcontractor oversight, performance monitoring, consent coordination | D14: 960 | E14: 960 | F14: 960 | G14: 120 | H14: 0.32 | I14: 0.45 | J14: 0.08 | K14: =D14*G14*(1+H14)*(1+I14)*(1+J14) | L14: =E14*G14*(1+H14)*(1+I14)*(1+J14) | M14: =F14*G14*(1+H14)*(1+I14)*(1+J14) | N14: =K14+L14+M14
B15: IT Specialist | C15: Network administration, cybersecurity compliance, system maintenance | D15: 1920 | E15: 1920 | F15: 1920 | G15: 115 | H15: 0.32 | I15: 0.45 | J15: 0.08 | K15: =D15*G15*(1+H15)*(1+I15)*(1+J15) | L15: =E15*G15*(1+H15)*(1+I15)*(1+J15) | M15: =F15*G15*(1+H15)*(1+I15)*(1+J15) | N15: =K15+L15+M15
B17: TOTAL LABOR | D17: =SUM(D6:D15) | E17: =SUM(E6:E15) | F17: =SUM(F6:F15) | K17: =SUM(K6:K15) | L17: =SUM(L6:L15) | M17: =SUM(M6:M15) | N17: =SUM(N6:N15)
B19: Note: Fee/profit is NOT included in this estimate. Fee will be evaluated separately per FAR 15.404-4. Indirect rates shown are estimated; actual rates will be determined during contract negotiations and subject to DCAA audit.
B21: Template by Acqlerate — Defense Acquisitions Academy | www.acqlerate.com

Sheet ODC & Travel
B2: Other Direct Costs (ODC) & Travel Estimate
B4: Item | C4: Year 1 | D4: Year 2 | E4: Year 3 | F4: Total | G4: Notes
B5: MATERIALS
B6: Software Licenses (COTS) | C6: 85000 | D6: 87550 | E6: 90177 | F6: =C6+D6+E6 | G6: Annual licenses for JIRA, Confluence, MS Project; 3% annual escalation
B7: Hardware/Equipment | C7: 45000 | D7: 15000 | E7: 15000 | F7: =C7+D7+E7 | G7: Initial workstation setup Y1; replacement/refresh Y2-Y3
B8: Office Supplies & Consumables | C8: 8000 | D8: 8000 | E8: 8000 | F8: =C8+D8+E8 | G8: Program office supplies, printing, reproduction
B9: Materials Subtotal | C9: =SUM(C6:C8) | D9: =SUM(D6:D8) | E9: =SUM(E6:E8) | F9: =SUM(F6:F8)
B11: TRAVEL
B12: CONUS Travel — Program Reviews | C12: 36000 | D12: 36000 | E12: 36000 | F12: =C12+D12+E12 | G12: 6 trips/yr x 2 travelers x $3,000/trip (per JTR rates)
B13: CONUS Travel — Test Events | C13: 24000 | D13: 24000 | E13: 24000 | F13: =C13+D13+E13 | G13: 4 test events/yr x 2 travelers x $3,000/trip
B14: OCONUS Travel | C14: 15000 | D14: 15000 | E14: 15000 | F14: =C14+D14+E14 | G14: 1 trip/yr x 2 travelers to theater for site assessment
B15: Local Travel | C15: 6000 | D15: 6000 | E15: 6000 | F15: =C15+D15+E15 | G15: Monthly travel to government site; mileage per GSA rate
B16: Travel Subtotal | C16: =SUM(C12:C15) | D16: =SUM(D12:D15) | E16: =SUM(E12:E15) | F16: =SUM(F12:F15)
B18: SUBCONTRACTS
B19: Cybersecurity Toolset Provider | C19: 250000 | D19: 250000 | E19: 250000 | F19: =C19+D19+E19 | G19: CMMC compliance tools and monitoring; FFP subcontract
B20: Specialized Testing Lab | C20: 75000 | D20: 75000 | E20: 50000 | F20: =C20+D20+E20 | G20: IV&V testing; reduced Y3 as system matures
B21: Subcontracts Subtotal | C21: =SUM(C19:C20) | D21: =SUM(D19:D20) | E21: =SUM(E19:E20) | F21: =SUM(F19:F20)
B23: OTHER
B24: Training & Certification | C24: 20000 | D24: 15000 | E24: 15000 | F24: =C24+D24+E24 | G24: PMP, ITIL, Security+ certifications; initial ramp Y1
B25: Communications (SIPR/NIPR) | C25: 18000 | D25: 18000 | E25: 18000 | F25: =C25+D25+E25 | G25: Secure communication lines and VPN services
B26: Other Subtotal | C26: =SUM(C24:C25) | D26: =SUM(D24:D25) | E26: =SUM(E24:E25) | F26: =SUM(F24:F25)
B28: TOTAL ODC & TRAVEL | C28: =C9+C16+C21+C26 | D28: =D9+D16+D21+D26 | E28: =E9+E16+E21+E26 | F28: =F9+F16+F21+F26
B31: Template by Acqlerate — Defense Acquisitions Academy | www.acqlerate.com
B32: Generated: September 2026 | Updated: FAC 2025-06

Sheet IGCE Summary
B2: IGCE Summary — Total Program Estimate
B3: Rolls up Labor and ODC estimates by cost category for the total independent government cost estimate
B5: Cost Element | C5: Year 1 | D5: Year 2 | E5: Year 3 | F5: Total
B6: Labor (Loaded) | C6: ='Labor Estimate'!K17 | D6: ='Labor Estimate'!L17 | E6: ='Labor Estimate'!M17 | F6: ='Labor Estimate'!N17
B7: Materials | C7: ='ODC & Travel'!C9 | D7: ='ODC & Travel'!D9 | E7: ='ODC & Travel'!E9 | F7: ='ODC & Travel'!F9
B8: Travel | C8: ='ODC & Travel'!C16 | D8: ='ODC & Travel'!D16 | E8: ='ODC & Travel'!E16 | F8: ='ODC & Travel'!F16
B9: Subcontracts | C9: ='ODC & Travel'!C21 | D9: ='ODC & Travel'!D21 | E9: ='ODC & Travel'!E21 | F9: ='ODC & Travel'!F21
B10: Other | C10: ='ODC & Travel'!C26 | D10: ='ODC & Travel'!D26 | E10: ='ODC & Travel'!E26 | F10: ='ODC & Travel'!F26
B12: GRAND TOTAL (IGCE) | C12: =SUM(C6:C10) | D12: =SUM(D6:D10) | E12: =SUM(E6:E10) | F12: =SUM(F6:F10)
B32: IGCE Requirements & Notes
B33: 1. This IGCE was prepared in accordance with FAR 36.203 and agency IGCE guidelines. It represents the government's best estimate of anticipated contract costs.
B34: 2. Labor rates are based on market research of comparable DoD contracts, GSA Schedule rates, and Bureau of Labor Statistics (BLS) occupational data.
B35: 3. Indirect rates (fringe, overhead, G&A) are estimated based on DCAA audit data for similarly sized defense contractors in the applicable geographic region.
B36: 4. Travel estimates are based on Joint Travel Regulations (JTR) per diem rates and General Services Administration (GSA) city pair airfares.
B37: 5. Fee/profit is NOT included. For cost-reimbursement contracts, fee will be negotiated per FAR 15.404-4 (weighted guidelines method).
B38: 6. A ±10% accuracy range is expected for this estimate. Final negotiated costs may vary based on contractor proposals and competitive dynamics.
B39: 7. This IGCE should be updated whenever significant changes occur to the PWS/SOW, period of performance, or economic conditions.
B40: 8. The IGCE is procurement-sensitive and should be marked FOUO / Source Selection Sensitive until after contract award.
B43: Template by Acqlerate — Defense Acquisitions Academy | www.acqlerate.com
B44: Generated: September 2026 | Updated: FAC 2025-06
B46: License & Use
B47: This template is licensed for use on one program, by one organization, under your Acqlerate purchase. Customize the text, branding, and layout freely for your own program. Deploying it company-wide, sharing it outside your organization, or reselling it requires an Acqlerate Team License (acqlerate.com/team).
